sessionID,unit,hemisphere,rf,choice,coherence,coherenceMean,ddm,ddmRank,ddmRankMean,tChoice,choiceSelectionTime,leftIsIn,coeffIn_1,coeffIn_2,coeffOut_1,coeffOut_2
jp054n02,spikeUnit01,left,right,1,1,0,1,0,0,160,223,0,-74.6569366350626,100.833609966372,172.897237901716,-40.3273248306728
jp054n02,spikeUnit02,left,right,1,0,0,0,0,0,170,270,0,-21.9511577815109,120.420071088206,115.276214763744,27.0312047192671
jp054n02,spikeUnit03,left,right,1,0,0,0,1,0,240,294,0,-49.5719602900173,148.197938706229,-236.726486802141,194.202515953279
jp054n02,spikeUnit04,left,right,1,1,0,1,1,0,210,371,0,-588.649017937272,434.349955131409,49.9808108982599,57.3791374869509
jp054n02,spikeUnit05,left,right,1,0,0,0,1,0,190,430,0,-178.280545112794,146.345877042767,-126.46398858807,94.7980621140814
jp054n02,spikeUnit06,left,right,1,0,0,0,1,0,240,264,0,-72.235724134275,173.67029975219,-121.095626891163,158.405724441672
jp054n02,spikeUnit07,left,right,1,0,0,0,1,0,180,254,0,-39.3520990057267,152.356997932617,-59.2463425770736,130.913816893449
jp054n02,spikeUnit08,left,right,1,0,0,0,0,0,150,197,0,-103.575306174726,317.791193128277,20.395493937482,215.246053682534
jp054n02,spikeUnit09,left,left,1,0,1,0,1,1,180,217,1,-486.351807578715,462.491502810447,-179.542081851367,292.646848252419
jp054n02,spikeUnit10,left,left,1,1,1,1,1,1,210,202,1,-591.05003231357,391.229753540449,-76.7917181031196,145.632729614053
jp054n02,spikeUnit11,left,left,1,0,1,0,1,1,190,229,1,-264.451300837508,296.182425997401,-156.691498991491,232.331199387779
jp054n02,spikeUnit12,left,left,1,0,0,0,1,0,230,257,1,1.32435607845749,82.6418396071758,24.1494736439744,50.3872949615097
jp054n02,spikeUnit13,left,left,1,1,1,1,1,1,200,253,1,-262.967637137404,162.285088947051,-31.4572844364481,51.7538749551453
jp054n02,spikeUnit14,left,left,1,0,0,0,0,0,170,NaN,1,-108.068421260795,78.9618963266498,44.8518392225899,-4.24276250467581
jp054n02,spikeUnit15,left,left,1,0,1,0,1,1,220,231,1,-169.437403272228,93.5344944474165,-33.7448616927928,30.7530789076894
jp054n02,spikeUnit16,left,left,1,0,1,0,1,1,240,NaN,1,-44.1252116456297,46.4794484811939,-40.6085954280874,40.2063213625023
jp054n02,spikeUnit17,left,right,1,0,1,0,1,1,280,182,0,105.871349707035,14.3000257429437,235.464901604297,-40.5127189226219
jp054n02,spikeUnit18,left,right,1,0,1,0,1,1,150,177,0,42.7096279103301,85.9795289407348,148.838065766431,25.4890380011329
jp054n02,spikeUnit19,left,right,0,0,0,0,0,0,170,540,1,-10.9117593299209,119.759425415919,4.91538663388822,97.1892705476583
jp054n02,spikeUnit20,left,right,1,0,0,0,1,0,190,242,0,-69.5486449782041,167.575476140628,-118.14151703662,152.172253253146
jp054n02,spikeUnit21,left,right,1,0,0,0,0,0,200,231,0,-238.377968876139,255.885599166133,22.9711029669463,89.7894777748428
jp054n02,spikeUnit22,left,right,1,0,0,0,0,0,150,200,0,-170.833594445064,220.064372241263,46.1095818670588,81.0793855979089
jp054n02,spikeUnit23,left,right,0,0,1,0,0,0,230,711,1,-160.370634354952,92.7655024946536,-176.641066512101,128.571221562093
jp054n02,spikeUnit24,left,right,1,1,0,1,1,0,150,167,0,-60.6779587901416,170.178276705094,246.376115374141,-1.58256768013757
jp054n02,spikeUnit25,left,left,1,0,1,0,1,1,230,264,1,-108.488957753043,73.7366930937893,-31.6122616239465,36.9659769640493
jp054n02,spikeUnit26,left,left,1,1,1,1,1,1,230,245,1,-215.081018230643,122.927119373606,-17.832598147082,29.480059629342
jp054n02,spikeUnit27,left,left,1,1,1,1,1,1,230,255,1,-130.882072736148,102.148760006551,-137.748534512936,113.328647029544
jp054n02,spikeUnit28,left,right,0,0,0,0,0,0,250,427,0,-147.284949874161,123.768810130426,-326.804283832885,180.0658513723
jp054n02,spikeUnit29,left,right,1,1,1,1,1,1,190,266,0,71.3069935029987,11.6840496781087,264.253239689928,-78.0707360696553
jp054n02,spikeUnit30,left,right,1,0,1,0,1,1,150,190,0,103.339590728724,78.3050333526889,148.785536314752,23.3308285824598
jp054n02,spikeUnit31,left,right,1,0,1,0,1,1,170,210,0,19.5784140063616,113.863066569186,44.2648848508839,64.1554870282502
jp054n02,spikeUnit32,left,right,1,0,0,0,0,0,170,200,0,95.504980385497,105.28967970289,-297.627880824216,242.755039475211
jp060n02,spikeUnit01,left,right,1,0,1,0,1,1,180,233,0,33.420409105746,149.214004722835,147.913650841498,46.3138968491298
jp060n02,spikeUnit02,left,right,1,0,0,0,0,0,470,529,0,149.366557009869,19.7368236858683,-252.307692307699,190.584615384618
jp060n02,spikeUnit03,left,right,1,0,1,0,1,1,160,172,0,153.214339614821,97.6061913867714,184.381670194961,64.64344294365
jp060n02,spikeUnit04,left,right,1,0,0,0,0,0,170,206,0,-141.815103393442,239.690601196593,259.024239819087,20.7866453557086
jp060n02,spikeUnit05,left,right,1,0,0,0,0,0,150,162,0,-164.143135708233,195.854689290611,168.57172761552,-0.696587063213646
jp060n02,spikeUnit06,left,right,1,0,0,0,1,0,150,82,1,61.3315452971221,64.4373290700035,99.4700253163337,26.9224810894069
jp060n02,spikeUnit07,left,right,0,0,1,0,0,0,310,347,1,-206.85237561054,223.278112030901,-132.368904451256,196.343981607649
jp060n02,spikeUnit08,left,right,0,0,1,0,0,0,150,259,0,204.184137085393,16.9386761568891,221.598788435991,26.7532247109844
jp060n02,spikeUnit09,left,none,1,1,1,1,1,1,150,128,1,-90.0497715160539,102.258687332005,-131.726679969359,116.204544328892
jp060n02,spikeUnit10,left,left,1,0,0,0,0,0,150,70,1,-111.284441560392,92.8938491993251,33.2468633500963,10.1509433222805
jp060n02,spikeUnit11,left,none,1,1,1,1,1,1,150,51,1,-277.210173552733,273.378583351259,-37.2242149104603,123.372605631286
jp060n02,spikeUnit12,left,none,1,0,0,0,0,0,150,55,1,-213.21738364861,252.248906714957,26.1946413274884,82.1899814716345
jp060n02,spikeUnit13,left,none,1,0,1,0,1,1,150,57,1,-185.520173770637,216.678523623609,-10.0550681777754,83.187201101859
jp060n02,spikeUnit14,left,none,1,1,0,1,0,0,150,58,1,-292.892757961671,262.065782575078,39.4373855192101,48.8439252532563
jp060n02,spikeUnit15,left,right,1,1,0,1,1,0,150,52,1,-425.37623531935,305.49622122497,62.5675346919419,33.5713624824688
jp060n02,spikeUnit16,left,right,1,1,1,1,1,1,150,68,1,-355.260474621563,382.003637572806,-69.8990149203293,212.029767144484
jp060n02,spikeUnit17,left,left,1,0,1,0,1,1,150,81,1,-181.672872763418,148.266050825077,-11.8151840634527,45.3200485444059
jp060n02,spikeUnit18,left,left,1,0,1,0,1,1,150,166,1,-60.1329974292677,107.753836518364,-77.2474754606031,100.687055927305
jp060n02,spikeUnit19,left,right,1,0,0,0,0,0,150,124,1,47.4975613689805,167.830350798995,-39.1293407198784,186.304293643683
jp060n02,spikeUnit20,left,right,0,0,1,0,0,0,160,419,1,-228.499246298043,204.5291313004,-207.558497821462,222.735872695014
jp060n02,spikeUnit21,left,right,1,0,0,0,0,0,150,127,1,124.786150714393,48.8112480173386,-5.92668780411271,89.5027820932098
jp060n02,spikeUnit22,left,right,1,0,0,0,0,0,150,125,1,-42.4400743817559,74.9978714567754,63.4166981737252,-0.135254262001042
jp060n02,spikeUnit23,left,right,1,1,1,1,1,1,150,92,1,-225.555397923561,191.457968354122,-135.979111104922,148.057307425867
jp060n02,spikeUnit24,left,right,1,0,0,0,0,0,150,115,1,-52.6056835791828,199.495082189044,51.3412137858895,124.148517424651
jp060n02,spikeUnit25,left,none,1,0,1,0,1,1,150,80,1,-156.165930855315,234.402122180442,-28.8279298192189,139.878463684011
jp060n02,spikeUnit26,left,right,1,0,0,0,0,0,150,70,1,-86.7167534211538,128.361907819271,70.459413827786,26.5620714697782
jp060n02,spikeUnit27,left,none,1,0,1,0,1,1,150,65,1,-26.8121795012314,59.2147916700092,-10.0012118356675,36.5924069231591
jp060n02,spikeUnit28,left,none,1,0,1,0,1,1,150,75,1,-118.650760880454,171.719352929333,-38.4421570731431,113.833927991931
jp060n02,spikeUnit29,left,none,1,1,1,1,1,1,150,92,1,-264.306451024432,227.0981513107,-58.0785219113673,123.466042278757
jp060n02,spikeUnit30,left,none,1,0,1,0,1,1,150,178,1,-160.218125288095,224.744955621523,-139.243814549427,212.848522114064
jp060n02,spikeUnit31,left,none,1,0,1,0,1,1,150,22,1,-111.933385035249,110.164791391344,-17.5426545934582,47.2136213086186
jp060n02,spikeUnit32,left,left,1,0,1,0,1,1,150,792,1,-340.512820512817,284.041025641024,-255.057044865967,223.092321691051
jp061n02,spikeUnit01,left,right,1,0,0,0,0,0,150,147,0,7.68924670220605,108.22489823299,-97.2920385780395,94.4828839529884
jp061n02,spikeUnit02,left,right,0,0,0,0,0,0,290,307,1,-422.828555431591,361.308170435213,171.910385981895,94.5142062436895
jp061n02,spikeUnit03,left,right,1,0,0,0,0,0,300,341,1,-663.434910292916,480.362498022981,504.659762973605,-60.2313481128079
jp061n02,spikeUnit04,left,none,1,0,1,0,1,1,180,210,1,-240.968692203516,161.413445464149,-147.498337791597,123.689769049124
jp061n02,spikeUnit05,left,left,0,0,0,0,0,0,200,339,1,-201.166868396653,118.56652793074,122.703768933916,-40.4084138821443
jp061n02,spikeUnit06,left,right,1,0,0,0,0,0,310,359,1,19.8991596638651,-1.75865546218469,-26.6519066643955,32.8948466609525
jp061n02,spikeUnit07,left,right,1,1,1,1,1,1,150,333,1,-81.8847356351269,53.6104231951416,-345.812467004239,227.003512001902
jp061n02,spikeUnit08,left,left,0,0,0,0,0,0,360,506,1,17.1428571428565,4.97142857142885,75.2300920368156,-36.5426170468192
jp061n02,spikeUnit09,left,right,0,0,0,0,0,0,340,NaN,1,-13.8564998654985,7.08264523572998,4.59260848130395,-1.45485611759985
jp061n02,spikeUnit10,left,right,1,0,0,0,0,0,150,NaN,0,-10.0269985147993,15.7878722599079,17.5555767890257,0.767502752925834
jp061n02,spikeUnit11,left,left,0,0,0,0,0,0,440,NaN,0,-18.4288183101159,30.7755537383654,-94.2387937982929,64.65949789546
jp061n02,spikeUnit12,left,none,0,0,0,0,0,0,1050,NaN,1,-65.5113205416066,36.5341419157344,0.700924846352406,7.12804622796731
jp061n02,spikeUnit13,left,none,0,0,1,0,0,0,530,NaN,1,-15.2196553759945,10.178598798447,-13.2977548618379,11.2424124201396
jp061n02,spikeUnit14,left,none,1,1,0,1,1,0,250,248,1,112.305323248898,-41.2968712752548,83.1254986134543,-37.612628186797
jp061n02,spikeUnit15,left,right,0,0,0,0,0,0,650,NaN,0,-31.284932987847,43.8770690062049,17.6906444932145,17.1337047306646
jp061n02,spikeUnit16,left,none,0,0,1,0,0,0,300,370,1,-26.5247108623479,27.9558332079486,-182.173454176993,119.636907394537
jp061n02,spikeUnit17,left,none,0,0,1,0,0,0,270,334,0,449.757515504828,-27.8558271270063,375.321684546154,50.5336388735077
jp061n02,spikeUnit18,left,none,0,0,0,0,0,0,240,466,1,419.42857142857,-74.3657142857139,-41.4832599706555,133.625450180072
jp061n02,spikeUnit19,left,none,0,0,0,0,0,0,310,467,1,386.285714285731,-31.9771428571501,122.982526343872,60.1200480192066
jp061n02,spikeUnit20,left,none,0,0,0,0,0,0,290,440,1,386.285714285709,-111.977142857141,-19.6078431372522,60.588235294116
jp061n02,spikeUnit21,left,none,1,0,1,0,1,1,280,432,0,80.6989462451763,145.198079231686,129.142857142875,93.4514285714206
jp061n02,spikeUnit22,left,none,1,0,1,0,1,1,180,245,0,120.765415465129,-33.7851833429274,107.478029263914,-26.9235043928458
jp061n02,spikeUnit23,left,right,1,0,1,0,1,1,150,225,0,114.995955867731,-35.1322722493185,52.8186621712732,3.62765757609798
jp061n02,spikeUnit24,left,right,1,0,1,0,1,1,150,177,0,142.226672997956,-17.4121571089156,154.802992619472,-33.1913662976062
jp061n02,spikeUnit25,left,right,0,0,0,0,0,0,320,NaN,0,-35.6637308659921,75.6161558249487,-70.9677122046045,84.6949949820363
jp061n02,spikeUnit26,left,none,0,0,0,0,0,0,310,NaN,1,-75.8161240998716,58.056096456943,65.6760133452699,-10.8623470723928
jp061n02,spikeUnit27,left,right,0,0,0,0,0,0,260,284,1,-40.5565629260205,89.0135185227726,165.233825183023,-35.2374634568846
jp061n02,spikeUnit28,left,left,0,0,1,0,0,0,260,268,1,-261.851563813995,175.444384349029,-85.6757089825701,105.875077302246
jp061n02,spikeUnit29,left,right,0,0,0,0,0,0,240,277,0,-285.107337725153,214.872722143298,-88.8052193101551,94.4829698666849
jp061n02,spikeUnit30,left,none,0,0,1,0,0,0,270,301,1,-239.734798645837,190.39041655655,-230.825323038009,222.977254764551
jp061n02,spikeUnit31,left,none,0,0,0,0,0,0,190,305,0,-59.5604262108396,179.041380373782,-56.5545736040037,151.65997926725
jp061n02,spikeUnit32,left,none,1,0,1,0,1,1,260,305,0,49.9813300206372,26.6590009439517,50.975014891472,24.3731594271792
jp083n02,spikeUnit01,left,none,1,0,0,0,0,0,150,309,1,-117.925159612153,65.4028220546671,0.149571281238742,14.4508865600893
jp083n02,spikeUnit02,left,none,0,0,0,0,0,0,410,765,1,82.2341638169698,-19.0278456277487,170.565302144248,-84.6003898635471
jp083n02,spikeUnit03,left,right,1,0,0,0,0,0,170,289,1,72.3992102932276,-14.9718518147825,-50.4598988896745,45.6043705677501
jp083n02,spikeUnit04,left,right,1,0,1,0,1,1,200,221,0,57.780931035408,-19.2766931774012,12.0371211221603,5.45362402988689
jp083n02,spikeUnit05,left,right,1,0,0,0,0,0,170,237,0,-47.1158090442384,131.983325149675,161.515836705948,16.264973490422
jp083n02,spikeUnit06,left,right,1,0,1,0,1,1,150,241,0,44.984363223784,77.2011754307891,76.759223051393,45.455060161577
jp083n02,spikeUnit07,left,right,1,0,1,0,1,1,150,176,0,224.279537946965,-7.67616351001734,118.142817801216,43.2743945132285
jp083n02,spikeUnit08,left,right,1,0,1,0,1,1,150,170,0,74.0532172418928,26.6961833701358,51.1435875095376,27.8871085732061
jp083n02,spikeUnit09,left,left,1,0,0,0,0,0,160,193,1,8.66028915490901,54.1408631132161,-89.284871773683,84.4853845460697
jp083n02,spikeUnit10,left,left,1,0,0,0,0,0,170,207,1,8.25124649676273,49.7405463402415,-23.7733335226243,37.0988045460652
jp083n02,spikeUnit11,left,left,1,0,0,0,0,0,190,216,1,-12.9532768593552,37.9923435206576,27.0972520478468,-0.260051718043341
jp083n02,spikeUnit12,left,right,1,0,0,0,0,0,240,NaN,1,-15.5268689156933,10.2009054274494,14.0338522712493,-5.85139729485808
jp083n02,spikeUnit13,left,left,0,1,0,0,0,0,210,NaN,1,78.8784032645148,-22.6000013417114,-25.553082908879,22.8379887609048
jp083n02,spikeUnit14,left,right,0,0,0,0,0,0,240,543,1,115.732663363344,-29.6077884011453,157.77290448343,-78.8803606237811
jp083n02,spikeUnit15,left,right,0,0,0,0,0,0,430,NaN,1,48.7752428039151,16.4721977754031,-6.70856690291496,37.8432674153674
jp083n02,spikeUnit16,left,left,0,0,1,0,0,0,170,406,1,-67.8058684586153,65.9711817872702,-66.6009551901781,68.2123857930043
jp083n02,spikeUnit17,left,right,1,0,1,0,1,1,190,231,0,38.3947738394317,-4.20056817172573,5.64476773772181,10.1290615985426
jp083n02,spikeUnit18,left,right,0,0,0,0,0,0,230,545,1,22.5649614999875,12.3176774373651,70.6627680311869,-12.5487329434686
jp083n02,spikeUnit19,left,right,0,0,0,0,0,0,170,463,1,-14.8882220206116,26.9244190103988,3.654970760232,26.9371345029251
jp083n02,spikeUnit20,left,right,1,0,1,0,1,1,230,375,1,-135.823475113322,65.5527765714689,-126.158759191676,87.253057789583
jp083n02,spikeUnit21,left,right,0,0,0,0,0,0,280,886,1,231.930583664829,-53.8069648963643,7.9191033138442,41.6971247563329
jp083n02,spikeUnit22,left,right,0,1,1,0,0,0,340,383,0,413.093575049405,-165.298903154805,187.241059236842,2.37698341664032
jp083n02,spikeUnit23,left,right,1,0,0,0,1,0,200,365,1,80.4739206221453,-11.1401871061233,45.0528613586241,6.33035099925933
jp083n02,spikeUnit24,left,right,1,0,0,0,1,0,160,276,0,-13.3788540417366,38.1795817572582,-18.319975705688,33.1189770081797
jp083n02,spikeUnit25,left,right,1,0,0,0,0,0,190,336,0,71.1919334978486,56.965253406733,-158.496448565899,153.272775291208
jp083n02,spikeUnit26,left,right,1,0,1,0,1,1,210,246,0,62.9932438067145,55.1946363333923,161.767593929845,15.0545940708942
jp083n02,spikeUnit27,left,right,0,0,0,0,0,0,230,262,0,-169.408630039385,146.169065253511,70.3577876757126,16.887749963935
jp083n02,spikeUnit28,left,left,0,0,0,0,0,0,450,NaN,1,-1.27031810009246,2.67607609939568,8.0327373777238,-2.90105487339993
jp083n02,spikeUnit29,left,none,0,0,0,0,0,0,280,130,1,22.2978793980909,-6.9954551550726,43.0702017271282,-22.9723304671871
jp083n02,spikeUnit30,left,right,1,1,1,1,1,1,230,108,0,79.9712474749921,-36.1670921375303,84.0505110333106,-26.4470040709024
jp083n02,spikeUnit31,left,right,1,0,0,0,0,0,630,340,1,63.9811442097102,-10.5584986425605,-145.346891155096,103.549064849773
jp083n02,spikeUnit32,left,right,1,0,1,0,1,1,170,182,0,48.8955873292159,3.70371800578548,15.2444656586089,14.0342315587295
jp090n02,spikeUnit01,left,right,1,1,1,1,1,1,150,146,0,201.834945696442,-11.2695467375212,155.997110559715,-1.66749717366427
jp090n02,spikeUnit02,left,right,1,0,0,0,0,0,150,186,0,11.9546483893889,60.620186976098,-37.1349199059651,54.5256315306706
jp090n02,spikeUnit03,left,right,1,0,0,0,1,0,150,155,0,-57.6161462913086,133.271956678538,-100.239181769142,116.739123048891
jp090n02,spikeUnit04,left,right,0,0,0,0,0,0,150,245,0,155.52125346479,-19.3712758718003,-127.137287029871,115.479495698875
jp090n02,spikeUnit05,left,left,0,0,1,0,0,0,190,226,1,-96.8517319636115,59.6444763096062,-40.9513454363475,40.5381047380684
jp090n02,spikeUnit06,left,right,1,0,0,0,0,0,200,334,1,-50.1418536555763,35.1622593418597,33.9424720742226,3.1361516373731
jp090n02,spikeUnit07,left,none,0,0,0,0,0,0,330,352,1,38.3839303324078,-8.61135132674888,-10.4566050888816,11.0142906936218
jp090n02,spikeUnit08,left,right,0,0,0,0,0,0,200,270,1,-37.0184940755239,30.0441491056393,81.9930621255102,-30.8104698833164
jp090n02,spikeUnit09,left,left,1,0,1,0,1,1,150,175,1,-36.0949429221402,96.9743810291803,-87.1436855489176,113.319238880959
jp090n02,spikeUnit10,left,left,1,0,0,0,0,0,180,218,1,-160.786898450001,145.437026513529,186.653494512513,-59.9028680114386
jp090n02,spikeUnit11,left,right,0,0,1,0,0,0,150,220,1,-98.2066859739017,84.7030268210158,-47.6352239794784,71.7300256410811
jp090n02,spikeUnit12,left,right,1,0,1,0,1,1,150,151,0,73.8035541563045,77.8740299749194,18.9509951957404,72.5801142691671
jp090n02,spikeUnit13,left,right,0,1,0,0,0,0,200,218,1,-372.942771804988,233.569362729242,76.7016913873663,31.3345194989885
jp090n02,spikeUnit14,left,right,1,1,1,1,1,1,150,138,0,274.40255365853,-74.8137297104938,82.7620388698871,7.08711919683335
jp090n02,spikeUnit15,left,right,1,1,1,1,1,1,150,126,0,202.248307187684,-28.8781790666825,111.460226554321,-12.5559819709404
jp090n02,spikeUnit16,left,right,1,1,1,1,1,1,150,118,0,251.543546162725,-49.1069959309259,163.62902407964,-25.7507634388641
jp090n02,spikeUnit17,left,left,1,0,0,0,0,0,150,NaN,0,-12.0191688715966,37.0757078902243,30.4284552581427,14.0997339605568
jp090n02,spikeUnit18,left,right,0,1,0,0,0,0,240,271,1,95.4288228422308,9.02553365800385,-291.042174973852,223.231090972461
jp090n02,spikeUnit19,left,right,1,0,0,0,0,0,150,172,0,54.3052138817789,131.879353518729,-25.8547282945657,152.982815930073
jp090n02,spikeUnit20,left,right,1,0,0,0,0,0,150,175,0,-65.3260008969118,99.3339942248265,112.571376180311,-7.59060743693726
jp090n02,spikeUnit21,left,left,0,0,1,0,0,0,220,198,1,-62.1447021934854,65.1687806216785,-33.3330466354379,47.4663269531703
jp090n02,spikeUnit22,left,left,1,0,0,0,0,0,150,148,1,-156.874290465285,217.261828339893,69.6335615789367,61.4700983155694
jp090n02,spikeUnit23,left,right,1,0,1,0,1,1,150,141,0,29.5823667861284,19.3199027036957,51.2367795329671,3.32419844309423
jp090n02,spikeUnit24,left,right,1,0,1,0,1,1,150,165,0,59.7308659301182,22.7806642561571,58.7405409938256,6.40127076476695
jp090n02,spikeUnit25,left,right,1,1,1,1,1,1,150,129,0,262.177679119705,-15.9362947086812,147.25007084844,-9.45153866974513
jp090n02,spikeUnit26,left,right,1,0,1,0,1,1,150,122,0,198.974238685863,31.8018582639983,137.231832540404,5.00566638465392
jp090n02,spikeUnit27,left,right,1,0,1,0,1,1,150,127,0,118.135348660376,22.4476616946244,65.2194059785398,22.0892330865114
jp090n02,spikeUnit28,left,right,1,0,0,0,0,0,150,146,0,44.3215602201767,12.4791390487903,-14.6005797600572,26.9309008401724
jp090n02,spikeUnit29,left,right,1,0,0,0,0,0,150,148,0,-5.02382317471268,52.0040581622841,26.5708691125303,7.9622354491395
jp090n02,spikeUnit30,left,right,1,0,0,0,0,0,150,129,0,-50.0766191779356,91.0117415008511,24.9021151870563,29.1835866032196
jp090n02,spikeUnit31,left,right,1,0,1,0,1,1,150,71,0,42.9054680790962,25.6292053021815,24.3453736026713,30.2867960034137
jp090n02,spikeUnit32,left,right,0,0,1,0,0,0,160,338,1,-38.1563576229274,45.5168176232307,-3.65151288818329,26.0684824644408
jp098n02,spikeUnit01,left,right,0,1,0,0,0,0,350,161,1,426.559856438598,-55.1144807661784,627.442148406895,-235.016232141092
jp098n02,spikeUnit02,left,right,0,1,0,0,0,0,360,230,1,308.001805599776,7.12328572574737,350.223591310399,-63.50485336655
jp098n02,spikeUnit03,left,right,0,1,0,0,0,0,170,359,1,110.250762274511,88.1503715291966,563.648968052541,-188.624754275608
jp098n02,spikeUnit04,left,right,1,1,0,1,1,0,210,265,0,259.795314655356,-77.8956429806513,-69.7359859337019,88.0679718318902
jp098n02,spikeUnit05,left,none,1,0,1,0,1,1,170,220,0,69.3390141172014,-28.180113255132,53.2311144921402,-17.0064725905715
jp098n02,spikeUnit06,left,right,1,0,0,0,1,0,190,265,0,-95.0476790280222,69.0425644801118,30.4221151294797,-6.95604522968541
jp098n02,spikeUnit07,left,right,1,1,1,1,1,1,180,223,0,1.92198779813962,32.5034648535698,172.032356255391,-50.7140707334492
jp098n02,spikeUnit08,left,none,1,1,1,1,1,1,400,233,0,194.281348534456,-72.1455674336817,359.902657024847,-112.582942176245
jp098n02,spikeUnit09,left,left,1,0,1,0,1,1,210,245,1,-84.8519486212793,94.3450928649956,-53.2258552053917,68.5178675074792
jp098n02,spikeUnit10,left,left,1,0,0,0,0,0,180,228,1,-112.969358849668,72.3858509894986,33.2764676070679,-5.36987275527943
jp098n02,spikeUnit11,left,left,1,0,1,0,1,1,170,246,1,-54.9257371616421,51.0073628638375,-15.1288836294624,22.1485839220417
jp098n02,spikeUnit12,left,left,1,0,1,0,1,1,150,160,1,-48.0266291983074,58.5305863330183,-56.3124756225098,57.3248023484667
jp098n02,spikeUnit13,left,left,1,0,1,0,1,1,200,257,1,-117.105659834207,82.1349765520595,-51.0504825027727,46.8347581959202
jp098n02,spikeUnit14,left,left,0,0,0,0,0,0,150,248,1,-11.1303861627599,27.3553342417867,9.44626771028842,10.1386219902367
jp098n02,spikeUnit15,left,left,1,0,1,0,1,1,150,197,1,-10.5161857223554,19.1621518835929,-26.6299128316382,24.1233962614325
jp098n02,spikeUnit16,left,left,1,0,0,0,1,0,150,NaN,1,21.8809824662475,14.0046340464036,15.8046139731353,9.27126797595909
jp098n02,spikeUnit17,left,right,1,0,0,0,0,0,320,393,0,83.8966254409419,1.25600783829223,-9.71317953152274,48.4886253550632
jp098n02,spikeUnit18,left,right,1,1,1,1,1,1,220,231,0,173.625101716769,-61.5927622352826,119.521127601303,-22.715417327968
jp098n02,spikeUnit19,left,right,1,0,1,0,1,1,210,235,0,65.8293152983574,17.1041157945088,5.65947101038295,33.8396883982846
jp098n02,spikeUnit20,left,right,0,1,0,0,0,0,230,137,1,220.198885259019,-67.3198368650682,278.238939633269,-132.207228245185
jp098n02,spikeUnit21,left,right,1,1,1,1,1,1,280,285,0,27.3558355967512,11.6947559033344,316.416732214911,-106.512323928923
jp098n02,spikeUnit22,left,right,1,0,1,0,1,1,150,178,0,33.6098408482789,27.0934696448359,33.6300084357216,15.0764264267304
jp098n02,spikeUnit23,left,right,1,0,1,0,1,1,160,173,0,126.455903562733,-6.69835522979182,11.1942608905177,50.8516977138577
jp098n02,spikeUnit24,left,right,0,0,0,0,0,0,480,790,1,81.0342228252648,-11.5181667420462,104.265467991807,-31.4858344674006
jp098n02,spikeUnit25,left,none,1,1,0,1,1,0,150,27,1,174.993248192464,-49.2704587075244,136.603631775245,-58.1502447780723
jp098n02,spikeUnit26,left,none,0,0,0,0,0,0,150,NaN,1,-79.6178177317791,70.7407342911687,49.9539642920916,1.84068382397125
jp098n02,spikeUnit27,left,left,0,0,1,0,0,0,220,241,1,-26.6386402917152,33.2932329047353,-62.9792354559009,53.7778914319145
jp098n02,spikeUnit28,left,none,1,0,0,0,1,0,150,203,1,60.9594676034302,-7.5230158790538,51.263298622756,-22.8012676145111
jp098n02,spikeUnit29,left,none,1,0,1,0,1,1,150,112,1,-69.6702731833051,65.747975101137,-44.7937120253323,49.4614161610506
jp098n02,spikeUnit30,left,right,1,1,0,1,1,0,290,246,1,86.4872945330794,-23.9636072197327,94.8745809182956,-42.3166254619462
jp098n02,spikeUnit31,left,right,1,1,1,1,1,1,170,153,0,151.00155197331,-51.6853341756017,89.3232282343397,-7.66366586223595
jp098n02,spikeUnit32,left,right,1,0,1,0,1,1,230,436,1,-60.8487921920772,50.9887674066786,-69.6996028644136,69.8459321709884
jp104n02,spikeUnit01,left,right,0,0,0,0,0,0,160,351,0,-81.3515178020926,125.0116939426,-326.900782674289,215.720257825385
jp104n02,spikeUnit02,left,right,1,0,0,0,1,0,150,255,0,-119.845786996937,122.774427729463,-103.449773671557,83.4076124771856
jp104n02,spikeUnit03,left,none,1,1,0,1,0,0,190,631,1,24.1533739244198,-6.66733759372002,-152.337858220212,96.5309200603322
jp104n02,spikeUnit04,left,left,0,0,1,0,0,0,240,257,1,-185.425945556288,124.174717835286,-89.6561292835305,88.8168379405565
jp104n02,spikeUnit05,left,none,0,0,0,0,0,0,270,415,1,23.136167531193,19.0131357131062,-95.8465599014277,73.9443988566026
jp104n02,spikeUnit06,left,left,0,0,0,0,0,0,220,264,1,-227.892763411111,120.344534722905,44.3130518012719,-11.116627391532
jp104n02,spikeUnit07,left,right,1,0,1,0,1,1,150,165,1,-115.057815623346,87.997861584073,-45.2791797270128,59.654810674562
jp104n02,spikeUnit08,left,right,0,0,0,0,0,0,220,284,0,-58.7449077495359,60.7934631117701,57.1400150071759,7.9475056095722
jp104n02,spikeUnit09,left,right,0,0,0,0,0,0,710,NaN,0,-30.324497352825,39.0717933273577,0.273533527986217,22.260887281574
jp104n02,spikeUnit10,left,right,0,0,1,0,0,0,280,305,0,52.7659374652891,66.7736692951781,148.651441940677,28.9364028597068
jp104n02,spikeUnit11,left,left,1,1,1,1,1,1,150,176,1,-218.599808192467,118.661048877787,-76.877159796789,62.0468341071194
jp104n02,spikeUnit12,left,right,0,1,0,0,0,0,150,129,1,-404.471454089731,253.918294907961,31.1099864087439,57.2167868260233
jp104n02,spikeUnit13,left,right,1,1,0,1,1,0,150,169,1,-351.191609843185,271.298421033625,178.323603204347,1.62972989946475
jp104n02,spikeUnit14,left,right,1,0,0,0,0,0,150,255,0,43.018651116844,33.2666332924746,-1.57220536949879,47.7959680831725
jp104n02,spikeUnit15,left,right,1,0,0,0,1,0,180,235,0,-90.5957543978663,105.302815239537,-65.433131190518,64.7089634785976
jp104n02,spikeUnit16,left,none,0,0,0,0,0,0,260,328,1,-94.3836468213495,77.6804286950291,3.78138695468096,28.2336622156077
jp104n02,spikeUnit17,left,right,1,0,0,0,1,0,150,299,0,-69.0939247946311,65.8358872465629,9.22704089624929,26.9127864677404
jp104n02,spikeUnit18,left,right,0,0,0,0,0,0,240,897,1,4.52875761082621,42.4998742011785,-223.227752639518,186.500754147814
jp104n02,spikeUnit19,left,none,0,0,0,0,0,0,300,560,1,7.547929351391,4.16645700195835,68.6274509803924,-32.8431372549021
jp104n02,spikeUnit20,left,none,1,0,0,0,1,0,180,NaN,0,20.1551703912782,-2.92524351918971,-4.02101363275521,7.87634277216351
jp104n02,spikeUnit21,left,none,0,0,0,0,0,0,650,NaN,1,12.5348256211132,11.4071461439887,-12.646074253042,25.1089310999252
jp104n02,spikeUnit22,left,left,0,0,0,0,0,0,290,NaN,1,18.65261769313,-1.63653235923236,10.9124799521179,-0.888413299891574
jp104n02,spikeUnit23,left,none,1,0,1,0,1,1,250,NaN,0,7.99142762953474,5.90317137116762,36.7188396072649,-6.16644745219673
jp104n02,spikeUnit24,left,none,0,0,0,0,0,0,190,470,1,5.43450913299378,10.9998490414133,90.4977375565614,-35.0678733031676
jp104n02,spikeUnit25,left,left,0,0,0,0,0,0,240,276,1,-13.2801594746411,18.2523065825017,5.37617916948367,5.58859628340259
jp104n02,spikeUnit26,left,left,0,0,1,0,0,0,180,297,1,-76.7357198969814,50.8996711134168,-95.0532047930369,67.5047212203911
jp104n02,spikeUnit27,left,right,1,0,0,0,0,0,160,385,1,34.0934742292505,-4.80710018159387,-68.2709787836722,56.8880029858893
jp104n02,spikeUnit28,left,right,1,0,1,0,1,1,160,193,0,76.4274109517716,-22.2099965462771,38.1420483433398,-6.9326463537275
jp104n02,spikeUnit29,left,right,1,0,1,0,1,1,150,166,0,291.79151891018,-77.5452545607927,200.127637740626,-29.2045087763477
jp104n02,spikeUnit30,left,left,0,0,1,0,0,0,150,107,0,124.292351400686,-11.3741440403202,127.61135329388,2.46981491558053
jp104n02,spikeUnit31,left,right,1,0,0,0,1,0,150,191,0,-4.00553698365077,110.653898570557,-102.444832739754,134.428407452139
jp104n02,spikeUnit32,left,right,1,0,0,0,0,0,210,253,0,-54.8349066522369,72.1047307125152,107.712779929109,-22.5839045349752
jp106n02,spikeUnit01,left,left,1,0,0,0,0,0,170,226,1,-211.809952628274,182.916339662284,156.037580673756,-12.1705634094574
jp106n02,spikeUnit02,left,none,0,0,0,0,0,0,220,258,1,11.155968335196,30.6020157706135,-85.7958874226555,78.3331181865773
jp106n02,spikeUnit03,left,right,1,0,0,0,0,0,220,244,0,-502.914918876801,391.576057579661,506.052836210096,-123.454583932248
jp106n02,spikeUnit04,left,left,0,0,0,0,0,0,150,381,0,-267.98614547253,214.834240475008,533.928571428571,-166.696428571429
jp106n02,spikeUnit05,left,right,1,0,1,0,1,1,150,160,0,59.4653417227068,27.3618523232038,17.8759576159535,41.1158580402552
jp106n02,spikeUnit06,left,right,1,1,1,1,1,1,150,190,0,100.564819624907,-4.15952161883159,115.384802951216,-19.834135295936
jp106n02,spikeUnit07,left,right,1,0,1,0,1,1,150,204,0,26.1342120787627,28.2143710962999,47.5957439014972,1.80865794648514
jp106n02,spikeUnit08,left,right,1,1,1,1,1,1,150,176,0,8.42079637697142,20.2103937393758,80.3652817491219,-15.3082842648375
jp106n02,spikeUnit09,left,right,0,0,0,0,0,0,290,88,0,-102.788360678462,118.56680989553,127.731238858995,0.487108415783688
jp106n02,spikeUnit10,left,none,1,0,0,0,0,0,180,75,0,-47.7254415947707,104.826638934626,89.1865875082899,28.1042384718352
jp106n02,spikeUnit11,left,none,0,0,0,0,0,0,230,NaN,0,-9.51765138143262,18.6471282574101,-7.74406046145322,15.3199307125519
jp106n02,spikeUnit12,left,right,0,0,0,0,0,0,150,344,1,232.142857142858,17.6136363636361,245.980837569173,-35.7122936440181
jp106n02,spikeUnit13,left,right,1,0,0,0,1,0,150,30,0,-53.6876513554368,58.6971091437489,-32.9757547655808,33.1481490173587
jp106n02,spikeUnit14,left,right,1,0,1,0,1,1,150,171,0,96.1117938919837,69.6886099179136,29.0380980628559,78.2274288349227
jp106n02,spikeUnit15,left,right,1,0,0,0,0,0,190,624,1,-30.3571428571429,14.375,26.7194458189001,-5.39336961899966
jp106n02,spikeUnit16,left,none,0,0,0,0,0,0,150,870,1,60.7142857142857,-18.0357142857143,70.9549727857481,-33.2112815437894
jp106n02,spikeUnit17,left,right,1,1,1,1,1,1,170,180,0,388.331814038793,-182.913243693094,60.1245436316336,-10.930096778488
jp106n02,spikeUnit18,left,right,1,1,1,1,1,1,150,179,0,392.165228302999,-69.2227108191759,270.803916090661,-49.8493621743816
jp106n02,spikeUnit19,left,right,1,0,1,0,1,1,150,132,0,80.6756740227207,49.0613140356278,63.9091456977763,17.2725934916705
jp106n02,spikeUnit20,left,none,1,0,1,0,1,1,150,219,0,27.0234322651743,1.93218067870276,17.3530684733713,0.798753606183598
jp106n02,spikeUnit21,left,right,1,1,1,1,1,1,150,180,0,22.0457020960399,22.357517902601,77.2058660824914,-7.76781756959982
jp106n02,spikeUnit22,left,right,1,1,1,1,1,1,160,203,0,179.428733439945,-83.4268263513625,33.9605542139839,-10.4725465849417
jp106n02,spikeUnit23,left,right,1,1,1,1,1,1,170,207,0,163.173843220342,-62.4134484243708,88.55656119907,-14.3989449206023
jp106n02,spikeUnit24,left,right,1,1,0,1,1,0,240,311,1,4.9366481779272,8.66419920562363,293.580973843898,-156.580959787686
jp106n02,spikeUnit25,left,none,0,0,0,0,0,0,380,NaN,1,-14.7873252201686,9.12015441819007,24.7132865357357,-10.5582285642833
jp106n02,spikeUnit26,left,none,1,0,0,0,0,0,240,712,1,41.0714285714286,-10.625,-109.698169223158,76.0316674913417
jp106n02,spikeUnit27,left,right,0,0,0,0,0,0,270,310,1,49.205043859649,-3.78292440381255,-6.90530110484579,17.9893979629032
jp106n02,spikeUnit28,left,right,0,0,0,0,0,0,250,515,1,-78.5714285714287,51.0714285714286,65.0667986145443,-17.7634834240458
jp106n02,spikeUnit29,left,right,1,0,0,0,0,0,200,511,1,-112.5,74.9107142857143,94.4087085601126,-12.3899059871316
jp106n02,spikeUnit30,left,none,1,0,0,0,1,0,210,257,1,32.2727381184515,-10.5361756259303,3.21010620430267,1.64029899271728
jp106n02,spikeUnit31,left,right,1,1,1,1,1,1,150,176,0,145.847495635609,-57.6544310611435,47.4346661492372,-6.2295803175525
jp106n02,spikeUnit32,left,right,1,1,1,1,1,1,160,178,0,165.112890964205,-48.9207785891875,37.169615205913,15.4302797417887
jp107n02,spikeUnit01,left,none,0,0,1,0,0,0,470,841,1,-29.4646065397061,24.829320876752,-85.8843537414977,64.9234693877559
jp107n02,spikeUnit02,left,right,0,0,0,0,0,0,170,721,1,-64.0495867768518,113.119834710741,219.387755102042,-36.9897959183685
jp107n02,spikeUnit03,left,none,0,0,0,0,0,0,410,520,1,190.621631333093,-64.2921307941068,31.0374149659845,-2.10459183673359
jp107n02,spikeUnit04,left,left,0,0,0,0,0,0,290,NaN,0,27.1340404194479,306.313590008214,-73.8021921970558,355.7262122745
jp107n02,spikeUnit05,left,left,0,0,1,0,0,0,200,225,1,-71.8619404208648,61.9123177953972,-76.1185459580397,69.5754393253317
jp107n02,spikeUnit06,left,none,0,0,1,0,0,0,160,336,1,-55.9647862019412,39.2337405677331,-23.3843537414982,30.5484693877561
jp107n02,spikeUnit07,left,left,0,0,1,0,0,0,450,848,1,-233.291412145169,126.468738771111,-53.9965986394584,59.630102040818
jp107n02,spikeUnit08,left,none,0,0,0,0,0,0,300,856,1,-80.2191879266994,60.8920229967668,77.8061224489891,-20.3443877551076
jp107n02,spikeUnit09,left,left,1,1,1,1,1,1,150,110,1,-185.675683239858,135.422180304823,-9.80879364516997,41.6420465938329
jp107n02,spikeUnit10,left,none,0,1,0,0,0,0,150,167,1,0.766569033803958,27.1918635787239,-114.813550434488,90.5594479313718
jp107n02,spikeUnit11,left,right,1,0,1,0,1,1,160,241,0,24.4509253043485,123.485321475356,130.671831339477,44.2784732277476
jp107n02,spikeUnit12,left,right,1,0,0,0,0,0,150,184,0,-155.877481641209,149.055989473198,156.192190336612,-25.2229797000649
jp107n02,spikeUnit13,left,right,0,1,0,0,0,0,200,375,1,108.87531440891,-28.3327344592163,-245.323129251702,162.818877551021
jp107n02,spikeUnit14,left,none,1,0,0,0,0,0,150,233,1,20.1002907200334,-0.309329671229065,-80.438110566748,62.0979068026123
jp107n02,spikeUnit15,left,none,0,1,0,0,0,0,230,875,1,3.59324469996329,11.6061803808843,-220.663265306123,141.772959183674
jp107n02,spikeUnit16,left,none,0,0,1,0,0,0,150,407,1,-66.3851958318307,45.575817463167,-8.50340136053302,17.6020408163201
jp107n02,spikeUnit17,left,right,0,0,0,0,0,0,220,792,0,127.976190476208,-8.48214285715296,-164.301113905854,129.307402084081
jp107n02,spikeUnit18,left,left,1,0,1,0,1,1,170,228,1,-126.225083232978,92.0550557720953,-6.91098042570509,29.9865221911421
jp107n02,spikeUnit19,left,left,0,0,0,0,0,0,180,253,0,77.1203256319842,0.852335847622497,-119.011447591366,104.350890519751
jp107n02,spikeUnit20,left,right,0,0,0,0,0,0,220,311,1,-9.9941909820064,68.8169344860506,98.7198450809191,12.733754215955
jp107n02,spikeUnit21,left,none,0,0,0,0,0,0,160,280,1,-20.9125863472077,67.7065917677103,127.17720721324,-27.0217966505549
jp107n02,spikeUnit22,left,none,0,0,1,0,0,0,470,823,1,-9.79159180740351,28.3731584620919,-52.295918367349,53.2525510204095
jp107n02,spikeUnit23,left,none,0,0,0,0,0,0,370,830,1,-26.5001796622352,14.4044196909811,61.6496598639448,-31.1862244897955
jp107n02,spikeUnit24,left,none,1,0,0,0,1,0,250,840,1,63.6004311893632,-14.570607258354,19.982993197278,-3.50765306122396
jp107n02,spikeUnit25,left,none,0,0,0,0,0,0,170,784,1,-4.58138699245558,25.2021200143736,41.6666666666637,0.892857142858873
jp107n02,spikeUnit26,left,none,1,0,0,0,0,0,150,829,1,-13.3848365073604,16.7669780812049,25.9353741496579,2.74234693877669
jp107n02,spikeUnit27,left,none,1,0,0,0,1,0,180,290,1,16.0132356111429,1.43632066237513,37.1416778554747,-8.38792136012635
jp107n02,spikeUnit28,left,right,0,0,1,0,0,0,270,316,1,-159.964646898614,91.3576687783495,-3.14609539468202,26.0287674852565
jp107n02,spikeUnit29,left,none,0,0,0,0,0,0,200,NaN,1,-38.4491498065883,44.5522024759039,2.96237166495233,23.8261474592126
jp107n02,spikeUnit30,left,none,1,0,0,0,0,0,220,268,0,-79.4334463239303,75.5987361215256,20.0137742785545,15.287376152891
jp107n02,spikeUnit31,left,right,1,0,0,0,0,0,160,228,0,114.028731590939,-35.9634143548072,-79.5336060980214,53.7008368643204
jp107n02,spikeUnit32,left,right,1,1,0,1,1,0,180,193,1,38.3191151494575,-9.85885235258237,89.9983608494706,-41.7199782441524
jp110n02,spikeUnit01,left,right,1,0,0,0,1,0,180,218,0,-52.2589442728098,48.8331330392257,82.2928395947769,-23.3517523942507
jp110n02,spikeUnit02,left,none,1,0,0,0,0,0,240,270,1,-69.4156932708103,40.190363572225,50.0446847212021,-15.1276323413098
jp110n02,spikeUnit03,left,right,1,0,0,0,1,0,150,189,0,-39.9865806116269,39.2368772457147,-1.68326284838558,9.14507366832478
jp110n02,spikeUnit04,left,none,0,1,0,0,0,0,370,NaN,1,7.569506778179,0.766846207124519,-42.0891148420567,28.5967165024578
jp110n02,spikeUnit05,left,left,0,1,0,0,0,0,330,509,1,144.337911376005,-50.2461777662609,-10.2242460692507,15.3578486124242
jp110n02,spikeUnit06,left,none,1,0,0,0,1,0,210,862,1,35.307074371599,-13.6823011142784,8.59180341953737,-0.300713119683593
jp110n02,spikeUnit07,left,none,1,1,1,1,1,1,170,211,0,50.0204078607009,17.8813190960145,223.675783780752,-58.8939801953857
jp110n02,spikeUnit08,left,right,1,0,0,0,1,0,170,212,0,-8.18599344711714,30.2536619719815,61.2316998689074,-10.6233211325976
jp110n02,spikeUnit09,left,right,1,0,0,0,1,0,160,218,1,92.644159059472,-26.9196949088615,53.7549386200646,-12.8880478368667
jp110n02,spikeUnit10,left,right,1,1,1,1,1,1,150,174,0,62.752412197998,-18.6121809538211,70.0022998610075,-22.2814690006851
jp110n02,spikeUnit11,left,right,1,1,1,1,1,1,150,176,0,183.98022172605,-60.9689913169436,90.4061782519178,-8.00639651797303
jp110n02,spikeUnit12,left,right,1,1,0,1,1,0,150,174,0,-36.3251951452271,51.3080486339778,106.108886868079,-22.8342219262931
jp110n02,spikeUnit13,left,right,1,0,1,0,1,1,150,181,0,89.3535052345734,-25.7078310278202,60.4301557665249,-10.4447209078277
jp110n02,spikeUnit14,left,right,1,0,0,0,1,0,170,227,0,-73.0457804815919,91.6553279906427,80.571124970543,-5.14733380654081
jp110n02,spikeUnit15,left,right,1,1,1,1,1,1,150,160,0,268.069373421935,-49.0014764687725,131.19004992153,7.46872126194663
jp110n02,spikeUnit16,left,right,1,1,1,1,1,1,150,161,0,379.132649273538,-120.743202805498,224.65494885205,-54.6878600766129
jp110n02,spikeUnit17,left,none,0,0,0,0,0,0,180,747,1,-13.9932625032389,29.8263798911634,120.027493770941,-49.2009622819819
jp110n02,spikeUnit18,left,right,1,0,0,0,1,0,230,328,1,24.1642912671659,11.9201865768341,62.9779190652093,-7.20422716728094
jp110n02,spikeUnit19,left,right,0,0,0,0,0,0,260,NaN,0,-12.0188935254881,27.6931126722341,19.5056403579396,11.0634149983555
jp110n02,spikeUnit20,left,right,0,0,0,0,0,0,400,862,1,27.014770665976,7.6962943767814,141.764756422371,-54.9617664747817
jp110n02,spikeUnit21,left,none,0,1,0,0,0,0,160,331,1,-389.803057786994,202.617258357088,127.58828078014,-29.4655898273074
jp110n02,spikeUnit22,left,right,1,0,1,0,1,1,180,218,0,87.2009094943676,-19.8828115585038,87.5474493267443,-15.7618267845441
jp110n02,spikeUnit23,left,none,1,0,1,0,1,1,150,200,0,115.079616358298,11.4866768206351,69.7686579621428,25.5229642084277
jp110n02,spikeUnit24,left,none,0,0,0,0,0,0,170,NaN,0,-12.5857628461977,18.3887009819285,5.4198115233976,7.3279453608555
jp110n02,spikeUnit25,left,right,1,0,0,0,0,0,150,172,0,-17.4156928720427,124.63290608243,100.413230419909,31.2103486617247
jp110n02,spikeUnit26,left,none,0,1,0,0,0,0,260,296,1,289.088082169193,-83.1439356186706,-30.1542258755105,52.6637895140361
jp110n02,spikeUnit27,left,left,1,0,0,0,1,0,180,302,1,63.0992485099753,20.1347499352169,28.181115216081,19.0136609674388
jp110n02,spikeUnit28,left,none,0,0,0,0,0,0,280,303,1,94.8432236330662,-13.2676859289974,-107.225706675833,83.7528997336551
jp110n02,spikeUnit29,left,right,0,0,1,0,0,0,270,390,1,-116.804871728427,75.356309924851,-143.740871208868,110.030930492312
jp110n02,spikeUnit30,left,right,1,0,1,0,1,1,150,172,0,128.255230577571,-17.720325946861,21.348120953722,29.924066692955
jp110n02,spikeUnit31,left,right,1,0,1,0,1,1,150,202,0,50.7215190490068,8.411481833894,86.4943579067179,-12.7367033877155
jp110n02,spikeUnit32,left,right,1,0,0,0,1,0,170,597,1,153.796320290231,-32.4436382482512,1.97611478649001,44.930835982475
jp111n02,spikeUnit01,left,none,0,0,1,0,0,0,180,NaN,0,49.497884888091,28.5793869662788,63.552484066744,31.2440419580038
jp111n02,spikeUnit02,left,right,0,0,0,0,0,0,220,520,1,151.515151515171,-31.5151515151596,58.3333333333288,1.25000000000269
jp111n02,spikeUnit03,left,none,1,0,1,0,1,1,190,NaN,1,-12.9492764195398,7.63646888664457,-13.4792848770899,11.1411861724877
jp111n02,spikeUnit04,left,left,1,0,0,0,0,0,150,749,1,-260.606060606065,147.272727272729,115.384615384623,-35.8974358974403
jp111n02,spikeUnit05,left,right,0,0,0,0,0,0,160,NaN,1,-78.8251591512162,81.5750959092512,77.7202516800615,2.77960242272396
jp111n02,spikeUnit06,left,left,1,0,1,0,1,1,150,163,1,-4.04493382286563,13.9596198975013,-15.2223362812715,16.4740969824716
jp111n02,spikeUnit07,left,none,0,0,0,0,0,0,190,NaN,0,12.2348488211372,2.37946215129897,-18.4911037197747,19.5848058723631
jp111n02,spikeUnit08,left,none,1,0,1,0,1,1,360,NaN,0,2.90978955764481,6.01260282175198,13.9625641671546,2.51471195056613
jp111n02,spikeUnit09,left,right,1,0,1,0,1,1,320,862,1,-157.57575757576,84.2424242424253,-66.0256410256423,51.6987179487189
jp111n02,spikeUnit10,left,none,0,0,1,0,0,0,590,875,1,-154.545454545459,101.212121212123,-180.769230769223,144.294871794868
jp111n02,spikeUnit11,left,left,1,0,1,0,1,1,190,231,1,-135.235578432386,129.827065948523,-113.213290647601,119.194157444197
jp111n02,spikeUnit12,left,right,0,0,0,0,0,0,370,NaN,0,26.0599850109706,9.12699010069919,-18.9959178885454,32.4304336007963
jp111n02,spikeUnit13,left,left,0,0,1,0,0,0,340,860,1,-57.5757575757487,44.2424242424206,-103.205128205131,88.173076923079
jp111n02,spikeUnit14,left,none,0,0,1,0,0,0,500,802,1,-57.5757575757584,30.9090909090913,-31.4102564102577,30.0961538461547
jp111n02,spikeUnit15,left,right,1,0,1,0,1,1,230,855,1,-48.4848484848495,28.4848484848489,-96.7948717948733,71.8269230769241
jp111n02,spikeUnit16,left,right,0,0,0,0,0,0,300,NaN,0,18.9091914984024,90.3876543923018,-281.307117026753,216.077102715599
jp111n02,spikeUnit17,left,right,1,0,1,0,1,1,240,470,1,-36.3636363636366,16.3636363636365,-37.1794871794878,28.1410256410261
jp111n02,spikeUnit18,left,right,1,0,0,0,0,0,200,240,0,36.0095205224936,-0.244015183293181,-44.6954721994736,31.7562612796763
jp111n02,spikeUnit19,left,right,0,0,0,0,0,0,300,618,1,181.818181818181,-61.8181818181814,50.6410256410352,-12.4679487179543
jp111n02,spikeUnit20,left,none,0,1,1,0,0,0,770,819,1,-251.515151515153,118.181818181819,-1.2820512820526,11.6025641025649
jp111n02,spikeUnit21,left,left,0,0,0,0,0,0,250,720,1,-200.000000000005,126.666666666669,121.794871794867,-35.5769230769203
jp111n02,spikeUnit22,left,none,1,0,0,0,0,0,370,858,1,248.484848484846,-75.1515151515142,-41.6666666666684,39.5833333333345
jp111n02,spikeUnit23,left,left,0,0,1,0,0,0,240,NaN,1,-148.01499171701,85.8427365534593,-63.3602228934345,58.9307606973768
jp111n02,spikeUnit24,left,none,1,0,0,0,1,0,220,NaN,0,-32.3991024717272,28.2340031151724,-21.6316251481606,16.8839225936563
jp111n02,spikeUnit25,left,right,0,0,0,0,0,0,240,448,1,-21.2121212121226,21.2121212121218,23.7179487179472,-2.14743589743502
jp111n02,spikeUnit26,left,left,0,0,0,0,0,0,270,NaN,0,-79.5317142172708,63.4777085545696,78.9316374665514,-12.1593404253229
jp111n02,spikeUnit27,left,right,0,0,0,0,0,0,360,NaN,0,20.3453591226247,11.1615899885096,-29.4711325410807,33.8393271619834
jp111n02,spikeUnit28,left,right,0,0,0,0,0,0,630,NaN,1,23.8082235434363,134.612378661405,-65.020259032745,182.883521723757
jp111n02,spikeUnit29,left,right,1,0,0,0,0,0,280,NaN,0,-19.7629108103254,19.9384220316961,32.2316767402311,-5.16270640579692
jp111n02,spikeUnit30,left,left,1,0,0,0,1,0,200,236,1,50.4887107610266,13.9194935851936,16.9239120103267,12.4804149566775
jp111n02,spikeUnit31,left,none,0,1,0,0,0,0,220,476,1,-242.424242424244,109.09090909091,14.7435897435881,4.07051282051378
jp111n02,spikeUnit32,left,none,1,0,0,0,0,0,190,624,1,-93.939393939395,47.2727272727278,80.7692307692285,-30.9615384615372
jp113n02,spikeUnit01,left,left,0,0,0,0,0,0,230,272,1,104.850417743386,-18.5840062562755,68.8857004950866,-19.3317722486834
jp113n02,spikeUnit02,left,left,0,0,0,0,0,0,190,265,1,-84.4703734613539,41.6187255470886,36.5336540460006,-18.3712827727157
jp113n02,spikeUnit03,left,none,0,0,1,0,0,0,560,717,1,-128.529698149952,59.1041869522886,-20.4022656340315,17.9285631718881
jp113n02,spikeUnit04,left,right,0,0,0,0,0,0,200,NaN,0,-4.57933927820437,9.11089882590813,-14.4035246563436,13.0158251760574
jp113n02,spikeUnit05,left,none,0,0,0,0,0,0,190,419,1,-9.59799693976993,13.1798581165673,110.969830077446,-56.1553577621077
jp113n02,spikeUnit06,left,right,0,0,0,0,0,0,340,416,1,204.339963833633,-60.3074141048818,-42.3072477170299,47.6592301468057
jp113n02,spikeUnit07,left,left,0,0,0,0,0,0,170,852,1,-12.9364306579504,13.4163305049384,86.5795861750206,-41.521211420652
jp113n02,spikeUnit08,left,none,0,0,0,0,0,0,240,837,1,-156.767283349563,81.9376825705948,48.4915038723818,-7.76788810541967
jp113n02,spikeUnit09,left,left,1,0,0,0,0,0,150,189,1,-68.0023828340871,43.8540640790343,9.75096838200933,-0.401356467920934
jp113n02,spikeUnit10,left,left,1,0,1,0,1,1,150,174,1,-52.0735288006903,61.2585978069181,-30.7637058406969,39.9917253360437
jp113n02,spikeUnit11,left,left,0,0,1,0,0,0,150,294,1,-39.1506859599286,38.3017133942581,-3.75859302745717,16.2816089470836
jp113n02,spikeUnit12,left,right,1,0,1,0,1,1,150,213,0,43.7286246327652,5.97353457403758,3.37239699676458,17.4225038999116
jp113n02,spikeUnit13,left,none,0,0,0,0,0,0,150,656,1,-56.8924746139945,33.1965502851583,36.46977228066,-13.3510576811923
jp113n02,spikeUnit14,left,none,0,0,0,0,0,0,150,NaN,1,-42.6465190491768,26.5152199619932,23.0683748058095,-7.27354727844301
jp113n02,spikeUnit15,left,none,0,0,0,0,0,0,370,522,1,-74.5583530393665,38.6145500069555,3.9879782684075,3.29441683042469
jp113n02,spikeUnit16,left,none,0,0,1,0,0,0,240,758,1,-140.492418973433,68.2848796772853,-43.4631834470013,33.6608484568265
jp113n02,spikeUnit17,left,right,1,0,0,0,0,0,190,NaN,0,9.20490829858609,3.08157230946181,-14.5994179195953,13.7058784524098
jp113n02,spikeUnit18,left,right,1,1,1,1,1,1,150,164,0,174.696856438954,-46.7434649192869,45.2987195345363,24.0952475801562
jp113n02,spikeUnit19,left,left,1,0,1,0,1,1,150,148,0,63.0893758079522,28.9855690917562,84.1557725234472,23.6358856825064
jp113n02,spikeUnit20,left,none,0,0,0,0,0,0,220,583,1,-13.4928362776486,30.1224092363342,63.2874812160537,-8.58860247370787
jp113n02,spikeUnit21,left,none,0,0,0,0,0,0,340,594,1,-75.6711642787541,72.0267074697434,189.111085423671,-69.8647555196054
jp113n02,spikeUnit22,left,left,0,0,1,0,0,0,530,NaN,0,16.5480234842972,19.2338224903277,56.338918514577,5.60017146489
jp113n02,spikeUnit23,left,right,1,0,0,0,1,0,210,244,0,-3.71727780269058,48.8381900982097,-21.337264488293,45.9789197381294
jp113n02,spikeUnit24,left,left,0,0,0,0,0,0,180,NaN,0,-14.0480805841983,13.9981326159608,30.0432743860092,-5.7655881625659
jp113n02,spikeUnit25,left,right,1,0,0,0,0,0,150,379,1,-65.0380892376442,44.6803940660985,62.4288619557824,-11.4133882438321
jp113n02,spikeUnit26,left,right,1,1,0,1,1,0,150,202,0,225.480772362323,-59.89689046156,-67.6050746671674,69.7946637148901
jp113n02,spikeUnit27,left,none,1,1,0,1,1,0,200,257,0,-136.833701740681,109.351388451368,116.304755812837,-26.6285345696334
jp113n02,spikeUnit28,left,none,1,0,1,0,1,1,150,222,0,79.4746138121014,-8.20892847894831,93.5823012957963,-14.5236575373974
jp113n02,spikeUnit29,left,none,1,0,1,0,1,1,160,NaN,0,4.93326291478234,13.2423000771653,15.3262615909694,4.43938853168184
jp113n02,spikeUnit30,left,none,0,0,0,0,0,0,450,417,1,-49.7983029628622,45.1940464598702,2.31187145995625,27.9967633799507
jp113n02,spikeUnit31,left,left,0,0,0,0,0,0,370,424,1,-104.743357907917,69.9193211851451,208.241821754706,-93.1915385504543
jp113n02,spikeUnit32,left,left,1,1,1,1,1,1,150,172,1,-166.441469648368,103.335687122367,-24.6275431677221,28.4535645835184
jp114n04,spikeUnit01,left,none,0,0,0,0,0,0,260,431,1,42.7807486631013,-13.1907308377895,73.6572890025562,-34.6291560102295
jp114n04,spikeUnit02,left,none,1,0,1,0,1,1,160,NaN,0,23.7984577842243,-4.06934604327194,38.5281118968472,-7.38908200377605
jp114n04,spikeUnit03,left,right,0,0,0,0,0,0,510,540,1,-38.9185977421284,34.6850861556749,20.9718670076703,6.11253196931081
jp114n04,spikeUnit04,left,none,0,0,0,0,0,0,260,357,1,16.3770053475924,10.0545900178258,47.6945582836499,-10.4837537316892
jp114n04,spikeUnit05,left,none,1,0,0,0,0,0,210,NaN,0,-13.095765511525,24.3035103800017,1.08614919216383,14.421835355339
jp114n04,spikeUnit06,left,none,0,1,0,0,0,0,530,NaN,1,-6.38167091965117,12.2113810146011,37.6499103673385,-13.4412552737561
jp114n04,spikeUnit07,left,none,1,0,0,0,0,0,190,NaN,0,-38.5247180043926,65.1077127960743,39.5530510592239,22.3976511566923
jp114n04,spikeUnit08,left,none,1,0,0,0,0,0,170,NaN,0,-2.80140680331758,76.3946837017475,119.407278501239,17.4371477403038
jp114n04,spikeUnit09,left,right,0,1,0,0,0,0,330,NaN,0,-97.9746023588381,79.8772997834475,-23.6803618486835,31.3211219585406
jp114n04,spikeUnit10,left,none,0,1,0,0,0,0,160,NaN,1,-7.8533180666119,8.89858951791037,42.8541114100357,-19.4668451118585
jp114n04,spikeUnit11,left,right,1,0,0,0,0,0,220,NaN,0,11.0716619360597,2.7639953967715,-50.9343780766995,30.1534083170105
jp114n04,spikeUnit12,left,right,0,0,0,0,0,0,230,741,1,-25.2525252525258,18.4343434343437,117.078715544187,-57.2037510656428
jp114n04,spikeUnit13,left,right,1,0,0,0,1,0,160,268,0,-60.1348655016275,78.2063717932289,82.6500117948192,-1.05598050657925
jp114n04,spikeUnit14,left,right,1,0,0,0,1,0,160,222,0,-49.7445989441605,67.7092565855769,-19.3662949336861,28.7476312091624
jp114n04,spikeUnit15,left,left,1,0,0,0,1,0,160,NaN,1,35.9352392925502,13.2981805857345,38.5787983530275,0.137954204479825
jp114n04,spikeUnit16,left,left,0,0,1,0,0,0,310,515,1,-148.24717765894,231.357694592988,-172.435350951952,260.852514918999
jp114n04,spikeUnit17,left,none,1,0,0,0,0,0,150,604,1,-7.13012477718512,24.4206773618545,51.6624040920697,-16.6496163682854
jp114n04,spikeUnit18,left,none,0,0,0,0,0,0,290,NaN,1,-17.344799327754,24.8007988997277,3.91178242136388,15.7811375716583
jp114n04,spikeUnit19,left,right,0,0,0,0,0,0,190,574,1,191.325014854425,-60.8437314319662,-74.9076442170808,64.0750213128579
jp114n04,spikeUnit20,left,right,0,0,0,0,0,0,190,387,1,27.9263220439682,1.57456922162841,-13.6970730321133,22.5660699062245
jp114n04,spikeUnit21,left,none,0,0,0,0,0,0,380,NaN,0,10.3929027819674,6.89914638934566,-39.5307938473607,29.8126323427257
jp114n04,spikeUnit22,left,right,0,1,0,0,0,0,190,462,1,5.34759358288709,6.68449197860988,-165.956237567492,108.269394714408
jp114n04,spikeUnit23,left,none,1,0,0,0,0,0,150,NaN,0,-10.8256523606837,19.4214550389756,13.948532978359,5.76939406261777
jp114n04,spikeUnit24,left,left,0,0,1,0,0,0,170,NaN,1,-10.9306227580228,15.9467955697826,-32.1182485897771,29.0159583879406
jp114n04,spikeUnit25,left,right,1,0,1,0,1,1,150,NaN,0,13.5138511041059,5.33983097797724,34.1292932819944,-2.38867341182349
jp114n04,spikeUnit26,left,left,0,0,0,0,0,0,670,NaN,0,-9.28350340470851,22.6204916665969,4.7132736973649,14.6804435068085
jp114n04,spikeUnit27,left,right,1,0,0,0,0,0,160,NaN,0,12.803490829248,84.1354388550486,-48.4041984840067,100.105533077575
jp114n04,spikeUnit28,left,none,1,0,0,0,0,0,170,NaN,0,-39.5732726775327,36.9422813528663,17.4958595400127,4.25062013810176
jp114n04,spikeUnit29,left,none,0,0,0,0,0,0,210,NaN,0,-24.1748317140208,33.8249834575708,8.91552921840459,14.7348117835923
jp114n04,spikeUnit30,left,right,0,0,0,0,0,0,240,NaN,0,-20.0199854037018,33.6906887629481,50.165518767033,-1.70011854722157
jp114n04,spikeUnit31,left,none,0,0,0,0,0,0,190,NaN,0,-4.56893594367004,17.2739158258203,-16.6027440833713,21.1695909940925
jp114n04,spikeUnit32,left,none,1,0,0,0,1,0,160,271,0,-84.3667279358308,92.4222558413302,-182.174176707449,115.137311390397
jp119n02,spikeUnit01,left,none,0,0,0,0,0,0,200,432,1,76.7346938775504,-22.5306122448978,-2.87457763881341,14.8721569418538
jp119n02,spikeUnit02,left,left,1,0,1,0,1,1,150,196,1,-104.411070533463,90.259249974265,-66.9260510541829,70.8554425932734
jp119n02,spikeUnit03,left,none,0,0,0,0,0,0,490,NaN,0,-32.474167855233,48.9731632633084,-58.4631637661406,53.4113967422451
jp119n02,spikeUnit04,left,none,0,0,0,0,0,0,240,NaN,0,-42.2795768407879,36.1719128333256,32.7699812347661,-2.92727187172439
jp119n02,spikeUnit05,left,none,0,1,0,0,0,0,210,NaN,1,94.4807801247212,-15.6228605024372,28.4279875604571,8.10910542984577
jp119n02,spikeUnit06,left,right,0,0,1,0,0,0,450,529,1,-27.3469387755116,29.3061224489802,-55.8777548035724,52.2517524837372
jp119n02,spikeUnit07,left,right,0,0,0,0,0,0,150,588,1,15.1020408163256,6.20408163265345,25.7199051893672,-1.48772000605066
jp119n02,spikeUnit08,left,right,1,0,1,0,1,1,190,NaN,0,36.4966365398976,-6.45402929822316,17.3415382448045,5.36862117416922
jp119n02,spikeUnit09,left,right,1,0,1,0,1,1,150,174,0,4.05323081053766,38.9256411424827,15.4168097321528,25.8953093458889
jp119n02,spikeUnit10,left,none,1,0,1,0,1,1,260,306,1,-15.477810171688,9.96501457725961,-18.4737950455451,14.7227919037368
jp119n02,spikeUnit11,left,none,1,0,0,0,1,0,200,281,1,51.5501588756147,-11.76199537424,-96.2352021269299,70.5488424084708
jp119n02,spikeUnit12,left,none,1,0,1,0,1,1,270,328,1,-82.3393670231081,51.8833311024276,-156.302802529844,110.080733206082
jp119n02,spikeUnit13,left,left,0,1,1,0,0,0,310,407,1,-115.918367346942,86.1632653061239,-253.315850521965,184.260426647841
jp119n02,spikeUnit14,left,right,1,1,1,1,1,1,150,172,0,87.5438656605441,37.664805128709,154.28511384869,5.79119627725476
jp119n02,spikeUnit15,left,right,1,0,1,0,1,1,150,165,0,70.6495819114446,-2.29399459525803,34.249877451984,7.25208980078097
jp119n02,spikeUnit16,left,none,1,1,1,1,1,1,150,157,0,107.123179235847,-37.9731129939051,86.0999981550542,-29.1865730279837
jp119n02,spikeUnit17,left,right,1,1,1,1,1,1,150,155,0,124.821046088255,-9.21057223192143,36.3328184754118,36.3357888147529
jp119n02,spikeUnit18,left,right,1,1,1,1,1,1,150,161,0,133.610617418716,-24.4841594741839,44.8407522681165,14.7758977546474
jp119n02,spikeUnit19,left,right,1,0,1,0,1,1,150,183,0,12.0184355997573,39.8781303094605,19.9300511757309,24.6593339336625
jp119n02,spikeUnit20,left,right,1,1,0,1,1,0,150,191,0,7.98751338903568,52.967173650993,-156.669839950952,105.65797462904
jp119n02,spikeUnit21,left,right,1,0,1,0,1,1,150,176,0,44.0164253116056,27.2869635596407,8.19689158195848,33.2222135593633
jp119n02,spikeUnit22,left,right,1,1,0,1,1,0,150,187,0,152.671866374368,-39.1064040026794,-68.9885341583072,61.8864688374752
jp119n02,spikeUnit23,left,right,1,0,0,0,1,0,150,192,0,98.1962860825884,-10.5797075894318,-15.6556003725766,42.5965113855692
jp119n02,spikeUnit24,left,none,1,1,0,1,0,0,260,311,1,-208.985385362938,104.787013156912,4.69227766604982,16.5199001802824
jp119n02,spikeUnit25,left,right,1,1,1,1,1,1,150,153,0,147.851599869189,-24.8247150715174,146.193253859257,-41.2228600349353
jp119n02,spikeUnit26,left,right,1,1,1,1,1,1,150,155,0,161.113480150409,-42.424770107827,148.477012249626,-40.3003184466912
jp119n02,spikeUnit27,left,right,1,1,1,1,1,1,150,147,0,230.490695394451,-34.0104651170306,54.646261469794,30.9981185400502
jp119n02,spikeUnit28,left,none,1,0,0,0,0,0,150,158,0,47.5811577244937,16.6549753793697,-0.591763233258242,38.4586665748035
jp119n02,spikeUnit29,left,right,1,1,0,1,1,0,150,164,0,246.982387223235,-16.813673958781,-144.296471604528,155.00142307162
jp119n02,spikeUnit30,left,right,1,1,1,1,1,1,150,148,0,162.606235971764,36.7187813660008,144.724922635937,48.2836020195903
jp119n02,spikeUnit31,left,right,1,0,0,0,0,0,150,171,0,34.3148249483221,92.6077664385583,-159.450831728127,159.227445292582
jp119n02,spikeUnit32,left,right,1,1,1,1,1,1,160,162,0,33.5885591157511,45.1215088598516,144.982904337303,-7.33934798562707
jp121n02,spikeUnit01,left,right,1,0,0,0,0,0,190,229,0,116.110357735524,-43.1497334243353,-72.7093047964831,46.963824439984
jp121n02,spikeUnit02,left,right,1,0,1,0,1,1,160,224,0,137.267630795914,3.00491642414153,263.569056966009,-34.3740098621028
jp121n02,spikeUnit03,left,right,1,0,0,0,1,0,180,218,0,-75.7618308491904,100.451813231872,-117.838445986968,95.3988392217389
jp121n02,spikeUnit04,left,none,0,0,1,0,0,0,250,NaN,1,-39.8749682508031,18.7438130639829,-4.22632646958877,3.69469779795858
jp121n02,spikeUnit05,left,none,1,0,1,0,1,1,210,256,0,186.799672626685,-63.1694993641738,269.892613037309,-74.3031491788575
jp121n02,spikeUnit06,left,left,0,0,0,0,0,0,200,675,1,426.27770239713,-111.804613297161,66.1529514393685,18.2029659784841
jp121n02,spikeUnit07,left,none,0,0,0,0,0,0,290,516,1,220.488466757115,-39.4391677973732,62.1546961326005,12.7071823204398
jp121n02,spikeUnit08,left,none,0,0,0,0,0,0,160,NaN,1,-382.138717142439,307.207649970153,87.6024899520555,93.8342825841092
jp121n02,spikeUnit09,left,right,1,1,1,1,1,1,150,145,0,507.681615792676,-201.937745971413,128.855240707524,-16.8572974613348
jp121n02,spikeUnit10,left,right,1,1,1,1,1,1,150,149,0,520.386466575927,-145.607743849619,154.676729970541,16.4685552744208
jp121n02,spikeUnit11,left,right,1,1,1,1,1,1,150,178,0,161.157439174238,-59.8238892917354,77.5560129304328,-20.3237252129398
jp121n02,spikeUnit12,left,right,1,1,1,1,1,1,150,142,0,297.169891394693,-128.324922846629,162.161039272222,-49.6653961870666
jp121n02,spikeUnit13,left,right,1,1,1,1,1,1,150,143,0,424.408273855582,-128.551739189406,290.180111278103,-70.6902752236532
jp121n02,spikeUnit14,left,right,1,1,1,1,1,1,150,154,0,660.894679742788,-199.542273720795,281.384344262369,-8.49299268457889
jp121n02,spikeUnit15,left,right,1,0,1,0,1,1,150,257,0,39.5963230198946,53.7304063560853,164.79325024988,-24.0640835502063
jp121n02,spikeUnit16,left,right,1,1,1,1,1,1,150,162,0,407.860164668093,-58.5513091846794,501.738362504939,-59.0182529262706
jp121n02,spikeUnit17,left,right,1,1,1,1,1,1,150,168,0,297.642773715455,-49.056563700073,127.942068731189,35.893019756111
jp121n02,spikeUnit18,left,left,0,0,0,0,0,0,210,250,1,-228.86671017228,164.295899807612,104.738366360844,1.0803789428158
jp121n02,spikeUnit19,left,right,1,1,1,1,1,1,150,163,0,190.135099272836,-4.20997729912221,275.934236224108,-57.2095024934888
jp121n02,spikeUnit20,left,right,1,1,1,1,1,1,150,149,0,198.363845145022,-40.7925157784148,287.667744284647,-76.1433827311222
jp121n02,spikeUnit21,left,right,1,0,1,0,1,1,150,151,0,247.100349254504,-23.02851849831,201.045013190109,-13.8888418458321
jp121n02,spikeUnit22,left,right,1,0,1,0,1,1,150,180,0,137.204853910849,-42.6001030369463,7.12754181012591,18.0423238773233
jp121n02,spikeUnit23,left,right,1,0,0,0,0,0,150,177,0,142.086077788355,7.21275678703711,-138.684174712874,126.85611950523
jp121n02,spikeUnit24,left,right,1,0,1,0,1,1,150,183,0,38.9636328638068,24.61529431131,32.6787476959144,15.5613307808668
jp121n02,spikeUnit25,left,right,1,0,1,0,1,1,150,159,0,114.048304435602,111.059407628524,313.136514550714,9.45259921695141
jp121n02,spikeUnit26,left,right,1,0,1,0,1,1,150,165,0,112.615788652293,170.12343878537,380.087251541438,37.8798479588847
jp121n02,spikeUnit27,left,right,1,1,1,1,1,1,150,153,0,549.675541411529,135.99017694824,323.613086204876,244.887160620584
jp121n02,spikeUnit28,left,right,1,0,1,0,1,1,150,166,0,317.704532541933,121.562222953473,249.200875276315,147.673094561325
jp121n02,spikeUnit29,left,right,1,0,1,0,1,1,150,165,0,225.003135683162,96.6451215507239,372.594815278546,31.0906291729728
jp121n02,spikeUnit30,left,right,1,1,0,1,1,0,150,165,0,544.869188421677,-63.2811364533891,-33.9014662108797,218.906449481134
jp121n02,spikeUnit31,left,right,1,0,1,0,1,1,150,165,0,306.660392491962,52.2755106088396,31.0605002148879,185.94443144392
jp121n02,spikeUnit32,left,right,1,1,1,1,1,1,150,141,0,325.167040304956,76.5256510358785,18.44247650116,217.025668938784
jp123n02,spikeUnit01,left,left,1,0,0,0,0,0,150,157,1,-20.6191301097852,60.0030661831426,9.55825664145615,29.7804903154829
jp123n02,spikeUnit02,left,right,0,0,0,0,0,0,280,316,1,120.258023720543,21.5761742325796,2.95468403726851,69.0985200863525
jp123n02,spikeUnit03,left,right,1,0,0,0,1,0,210,227,0,-80.287044351676,78.1540549644654,-56.3075236918867,47.8447674383748
jp123n02,spikeUnit04,left,left,0,0,0,0,0,0,400,383,1,24.1997316465377,5.56833429173957,-242.248790635888,158.969346066121
jp123n02,spikeUnit05,left,right,0,0,0,0,0,0,300,496,1,358.323749281216,7.20241518113022,-293.913076171143,331.724189788708
jp123n02,spikeUnit06,left,right,1,1,0,1,1,0,150,183,0,113.188440978206,67.3098073161665,-272.820735109016,215.695400618925
jp123n02,spikeUnit07,left,right,1,0,1,0,1,1,150,149,0,174.445466036713,35.8847599202795,369.538435968409,-44.5984130551476
jp123n02,spikeUnit08,left,right,1,1,0,1,1,0,150,66,0,-75.0916323374856,97.9797632854193,-338.372846226766,184.367411572456
jp123n02,spikeUnit09,left,right,0,0,0,0,0,0,730,NaN,1,39.09357682713,1.64217440074207,39.2129603085857,-4.42707962989986
jp123n02,spikeUnit10,left,right,1,0,1,0,1,1,160,146,0,83.821289270041,-23.9206404317856,52.6716636288522,-2.35481061622403
jp123n02,spikeUnit11,left,right,1,0,0,0,1,0,200,NaN,0,-21.3457738494555,58.398053307251,-182.304443106336,111.17479338633
jp123n02,spikeUnit12,left,right,1,0,0,0,0,0,160,NaN,0,136.040672460551,-54.1706036055846,-21.2001004084858,27.8286629489984
jp123n02,spikeUnit13,left,none,0,0,0,0,0,0,450,NaN,0,-51.4414639374463,64.0716199714488,-56.2326881186324,58.5887689826526
jp123n02,spikeUnit14,left,right,1,1,0,1,0,0,200,254,0,302.545793946806,-124.523629625494,-102.344258841184,88.9460465891399
jp123n02,spikeUnit15,left,left,1,0,0,0,0,0,160,NaN,1,-132.290613082702,76.0375680565582,24.2041520286213,0.738366531536247
jp123n02,spikeUnit16,left,none,0,1,0,0,0,0,240,446,1,2.63561433773794,27.6691585202241,-313.651402361082,211.309120986541
jp123n02,spikeUnit17,left,right,1,0,1,0,1,1,150,135,0,113.014759210903,26.1724722867779,80.7067189661497,11.9764106765947
jp123n02,spikeUnit18,left,right,1,0,0,0,0,0,150,161,0,74.2967076076375,-9.38305198939588,-37.6544140813157,28.6726649682003
jp123n02,spikeUnit19,left,right,1,1,1,1,1,1,160,201,0,133.066271774573,-44.3535524957437,18.4699400018665,6.18211170603024
jp123n02,spikeUnit20,left,right,1,0,0,0,0,0,150,201,0,-3.5619648278362,20.7913072793059,27.7917097416406,-2.15922726352051
jp123n02,spikeUnit21,left,right,1,0,0,0,0,0,160,312,1,-136.421201100557,71.6995442282283,44.1978377815156,-6.56685927980002
jp123n02,spikeUnit22,left,right,1,0,0,0,0,0,160,551,0,187.138130686517,-27.8742762613726,-172.752539773823,131.866973356338
jp123n02,spikeUnit23,left,right,1,0,0,0,1,0,330,332,1,53.5943352965435,1.76697562199665,54.172837356721,-5.9486117328336
jp123n02,spikeUnit24,left,none,0,0,0,0,0,0,190,488,1,111.41460609545,-3.07648073605223,-218.343484472519,167.027596059855
jp123n02,spikeUnit25,left,right,1,0,1,0,1,1,160,204,0,73.9045686485532,9.11047178675123,4.19916488249365,31.2030672728276
jp123n02,spikeUnit26,left,right,1,0,0,0,0,0,170,146,0,347.784755243941,-126.128244436377,-70.6313199618059,90.0869976349398
jp123n02,spikeUnit27,left,right,1,0,0,0,1,0,150,144,0,-17.1565830439608,56.5583308919889,-49.5809690389282,45.21609298195
jp123n02,spikeUnit28,left,right,1,1,1,1,1,1,160,190,0,210.917636150264,-84.2587004339688,131.221977916303,-35.9817150389054
jp123n02,spikeUnit29,left,right,1,0,1,0,1,1,150,155,0,303.941010793332,-55.1326025899124,241.070067257206,-31.3084637164419
jp123n02,spikeUnit30,left,right,1,0,1,0,1,1,150,120,0,19.7199857409459,140.02557207969,133.199872053626,32.6362482080347
jp123n02,spikeUnit31,left,right,1,1,0,1,1,0,150,150,0,380.400454118477,-125.688789843627,-77.0269326195372,81.1913517381573
jp123n02,spikeUnit32,left,right,1,0,1,0,1,1,150,145,0,148.18171699499,6.46540043415539,126.628122982641,-9.90262917062882
jp124n04,spikeUnit01,left,right,1,0,1,0,1,1,150,291,0,161.370885977712,-36.7316780808271,95.742264261141,11.0007767917983
jp124n04,spikeUnit02,left,right,1,0,0,0,1,0,180,347,1,199.66684740927,-47.1283907557467,260.23355071774,-107.909994717975
jp124n04,spikeUnit03,left,right,1,0,1,0,1,1,170,207,0,89.8204012703202,156.138158890821,652.734697566456,-88.2162963269187
jp124n04,spikeUnit04,left,right,1,0,0,0,0,0,190,195,0,-89.0045210107538,269.495926067289,669.104227454955,-72.6799233829506
jp124n04,spikeUnit05,left,right,1,0,1,0,1,1,160,NaN,0,39.785924534551,45.6185362831841,10.3924439143276,47.1942858372532
jp124n04,spikeUnit06,left,none,0,0,1,0,0,0,730,NaN,1,-77.0053319336017,64.7552093109215,-29.0336126377102,49.5908033642306
jp124n04,spikeUnit07,left,right,0,0,0,0,0,0,150,462,1,18.4797104210238,56.696513621646,62.2453259827511,49.7063758389209
jp124n04,spikeUnit08,left,right,1,0,0,0,0,0,540,558,1,171.937511907037,45.0371499333179,-136.924736337483,230.369127516776
jp124n04,spikeUnit09,left,right,0,0,0,0,0,0,320,NaN,0,-14.5057398606795,19.3270319784455,8.13105200513605,6.99464256321256
jp124n04,spikeUnit10,left,right,1,0,1,0,1,1,160,311,1,-193.610189975454,109.663102154094,-34.6501822943364,51.509696464514
jp124n04,spikeUnit11,left,left,0,0,0,0,0,0,330,NaN,1,-92.3017966682324,105.15374430105,20.3490614711874,50.4554111519876
jp124n04,spikeUnit12,left,right,1,0,0,0,0,0,150,326,0,164.667942025325,-31.0771570572273,-106.759150053095,94.0377668802065
jp124n04,spikeUnit13,left,right,1,0,1,0,1,1,170,198,0,139.469878099069,8.7362131843826,78.5551649243474,39.7892194728394
jp124n04,spikeUnit14,left,right,1,0,0,0,0,0,160,181,0,-23.3784136743349,154.929884673809,269.552712233902,-4.39483969543184
jp124n04,spikeUnit15,left,right,1,0,0,0,0,0,150,168,0,-27.8272848930339,175.186454299345,209.873065449899,28.3275041319795
jp124n04,spikeUnit16,left,right,1,0,0,0,0,0,150,181,0,-13.6823167198023,302.845989589304,407.1044327146,64.2261232489345
jp124n04,spikeUnit17,left,right,1,0,1,0,1,1,200,220,0,41.3325269031463,6.27407916698977,112.677962453628,-22.4903698642696
jp124n04,spikeUnit18,left,left,1,1,1,1,1,1,150,164,0,125.07425962383,-45.7056228882261,104.027792343782,-19.6652095326174
jp124n04,spikeUnit19,left,right,1,0,1,0,1,1,150,173,0,154.074926840766,-44.4821154971088,128.039352096461,-13.1262977613176
jp124n04,spikeUnit20,left,left,0,0,0,0,0,0,150,633,1,205.372451895616,-37.9500857306226,-170.182166826461,144.96644295302
jp124n04,spikeUnit21,left,left,0,0,0,0,0,0,210,414,1,195.751571727957,-55.0962088016802,-1.27337008628995,23.5318791946311
jp124n04,spikeUnit22,left,right,0,1,0,0,0,0,270,513,1,-560.487711945117,278.338731186887,114.977828379675,-24.7902684563765
jp124n04,spikeUnit23,left,right,1,0,1,0,1,1,150,161,0,113.608725375947,-35.9239442196807,13.4786612443435,13.320026822086
jp124n04,spikeUnit24,left,right,1,0,1,0,1,1,160,287,0,110.034130184512,-10.685422894925,49.2860014268446,24.72793115169
jp124n04,spikeUnit25,left,right,1,1,0,1,1,0,150,166,0,-124.873283224601,334.506452530872,463.379071306269,-13.6899854705046
jp124n04,spikeUnit26,left,right,1,0,1,0,1,1,150,161,0,29.4089541018033,110.49486617177,168.768662948511,7.52016994204477
jp124n04,spikeUnit27,left,right,1,0,0,0,0,0,150,169,0,-113.59203360061,179.600396309872,180.595325511817,10.3828688367186
jp124n04,spikeUnit28,left,right,0,0,0,0,0,0,160,202,0,-22.015210281139,143.361011057678,347.864507068148,-21.0358031734925
jp124n04,spikeUnit29,left,none,0,0,0,0,0,0,470,723,1,166.793674985703,-3.73404457991648,-294.073585810161,234.479865771811
jp124n04,spikeUnit30,left,left,0,0,0,0,0,0,180,573,1,199.180796342169,-55.9154124595198,65.4662032598324,-9.81543624161365
jp124n04,spikeUnit31,left,right,1,0,0,0,1,0,150,170,0,211.275379918868,-42.4873933255338,-60.4148534508418,74.15688850395
jp124n04,spikeUnit32,left,right,1,0,1,0,1,1,150,191,0,41.4704530106296,64.4349116464627,95.5614545744688,14.353937214352
jp125n04,spikeUnit01,left,right,1,0,1,0,1,1,150,164,0,95.2954657158115,72.9319769293491,163.108089247425,9.67787863847648
jp125n04,spikeUnit02,left,right,1,0,1,0,1,1,160,224,0,80.3380846516936,-14.5544904590515,36.9086216910211,0.665689488455839
jp125n04,spikeUnit03,left,right,1,1,1,1,1,1,160,170,0,190.066742163591,-45.4193259778664,198.15653925742,-33.4763376889852
jp125n04,spikeUnit04,left,right,1,0,0,0,0,0,150,193,0,-76.970242280565,78.7045460344998,40.2891412546335,3.18880469696796
jp125n04,spikeUnit05,left,none,1,1,1,1,1,1,150,184,0,392.311057145023,-156.680178504076,169.252220341001,-25.4681604747907
jp125n04,spikeUnit06,left,right,1,1,1,1,1,1,150,146,0,477.037282432003,-136.4557446906,318.019989343187,-40.9606573894171
jp125n04,spikeUnit07,left,right,1,0,1,0,1,1,150,164,0,4.05120996140999,153.52305971244,253.901010320463,-25.2763778518433
jp125n04,spikeUnit08,left,right,1,0,1,0,1,1,150,179,0,134.527475564963,-40.3410530624447,111.576683408612,-23.5952744226333
jp125n04,spikeUnit09,left,right,1,0,0,0,0,0,170,NaN,0,-63.5661243087349,73.5877938007823,100.568928548372,-13.8110014342383
jp125n04,spikeUnit10,left,right,1,0,0,0,1,0,150,274,1,38.232043333242,5.00582716608395,69.2620925805257,-7.06730215842332
jp125n04,spikeUnit11,left,right,1,1,1,1,1,1,160,166,0,82.887486924179,93.0517576971123,421.640640283343,-54.3515101029925
jp125n04,spikeUnit12,left,right,1,0,0,0,1,0,150,169,0,-189.844065263129,248.363937749787,-33.2317464392016,110.001015814527
jp125n04,spikeUnit13,left,right,1,0,1,0,1,1,150,110,0,363.579955733346,-68.3835804357367,239.948638369114,-6.3483912578275
jp125n04,spikeUnit14,left,right,1,1,1,1,1,1,150,108,0,279.143473676707,32.6878488989818,364.090017328159,-26.5806921996168
jp125n04,spikeUnit15,left,right,1,1,1,1,1,1,150,114,0,316.056407563923,105.216536756119,322.194001094608,61.2172935145894
jp125n04,spikeUnit16,left,right,1,0,1,0,1,1,150,141,0,219.642444741557,196.538587025758,310.570580129971,74.0847800564096
jp125n04,spikeUnit17,left,right,1,0,1,0,1,1,150,133,0,4.20075143435832,97.9610511461574,9.69431094534351,53.4282138859154
jp125n04,spikeUnit18,left,right,1,0,1,0,1,1,150,165,0,143.870532108406,-15.8611851630346,48.4390404360563,20.4334465062185
jp125n04,spikeUnit19,left,right,1,1,1,1,1,1,150,161,0,12.4686153519421,43.6681552598381,219.092245037239,-66.7198741057843
jp125n04,spikeUnit20,left,right,1,0,0,0,1,0,150,190,0,-61.3452100194827,54.2954903463387,-20.2648342237764,14.1318556237181
jp125n04,spikeUnit21,left,right,1,1,1,1,1,1,150,189,0,62.3606811913278,-16.5085444521027,114.837238167324,-39.0654835600637
jp125n04,spikeUnit22,left,right,1,0,0,0,0,0,150,172,0,-66.5388607668041,74.5206837278689,6.68269566346833,15.7774429141979
jp125n04,spikeUnit23,left,right,1,0,0,0,0,0,150,130,0,-8.97333700833834,34.8249973088928,75.6042566482607,-15.3701362163903
jp125n04,spikeUnit24,left,right,1,1,1,1,1,1,150,146,0,214.624233716993,-89.237848140045,14.8727533160778,16.4694518283694
jp125n04,spikeUnit25,left,right,1,0,1,0,1,1,150,129,0,18.8694568492908,86.6008145043178,143.884020480504,0.096057491562825
jp125n04,spikeUnit26,left,right,1,1,1,1,1,1,150,152,0,42.2310170034,12.7442188339012,138.339687577446,-31.4330883487253
jp125n04,spikeUnit27,left,right,1,1,1,1,1,1,150,154,0,272.897911964403,-47.756755928585,234.49263967175,-30.6633769371008
jp125n04,spikeUnit28,left,right,1,0,1,0,1,1,150,178,0,63.1699826129026,43.3223874355206,134.408736920217,1.30063682763144
jp125n04,spikeUnit29,left,right,1,1,1,1,1,1,150,155,0,92.3215222553856,-11.659490675553,131.30677335731,-29.8457650868296
jp125n04,spikeUnit30,left,none,1,0,0,0,1,0,150,153,0,-101.179445865503,117.534371186448,-0.862834141393262,37.1444706541994
jp125n04,spikeUnit31,left,right,1,0,1,0,1,1,150,151,0,179.239924992584,-17.3348692369408,148.398327541534,-0.546195037441332
jp125n04,spikeUnit32,left,right,1,1,1,1,1,1,150,137,0,292.674206390339,-70.0259571924323,194.010945441167,-26.3652643751683
